{
  "posts": [
    {
      "slug": "izay-tezaker",
      "title": "إزاي تذاكر المعادلة بذكاء",
      "description": "خطوات عملية لتنظيم وقتك وفهم المنهج",
      "date": "2025-08-20",
      "html": "<h2>خطوات عملية</h2>\n<p>ابدأ بتقسيم المنهج لوحدات صغيرة، وحدد أهداف أسبوعية، مع مراجعة سريعة يومية.</p>\n<ul>\n<li>افهم قبل الحفظ</li>\n<li>حل تمارين كتير</li>\n<li>راجع بانتظام</li>\n</ul>\n<p>نظم وقتك باستخدام خطط مرنة تناسب ظروفك.</p>\n"
    },
    {
      "slug": "khittat-8-asabee",
      "title": "خطة ٨ أسابيع للمعادلة",
      "description": "جدول مُبسّط للوصول للجاهزية بسرعة",
      "date": "2025-07-15",
      "html": "<h2>الخطة</h2>\n<p>كل أسبوع له موضوع واضح وتمارين مركزة.</p>\n<ol>\n<li>أساسيات الرياضيات</li>\n<li>فيزياء مهمة</li>\n<li>رسم هندسي</li>\n<li>مسائل تطبيقية</li>\n<li>مراجعات</li>\n<li>نماذج امتحانات</li>\n<li>نقاط ضعف</li>\n<li>تثبيت</li>\n</ol>\n"
    }
  ]
}